-- MySQL dump 10.13  Distrib 8.0.41, for Win64 (x86_64)
--
-- Host: localhost    Database: studynest_studentdb
-- ------------------------------------------------------
-- Server version	8.0.41

/*!40101 SET @OLD_CHARACTER_SET_CLIENT=@@CHARACTER_SET_CLIENT */;
/*!40101 SET @OLD_CHARACTER_SET_RESULTS=@@CHARACTER_SET_RESULTS */;
/*!40101 SET @OLD_COLLATION_CONNECTION=@@COLLATION_CONNECTION */;
/*!50503 SET NAMES utf8mb4 */;
/*!40103 SET @OLD_TIME_ZONE=@@TIME_ZONE */;
/*!40103 SET TIME_ZONE='+00:00' */;
/*!40014 SET @OLD_UNIQUE_CHECKS=@@UNIQUE_CHECKS, UNIQUE_CHECKS=0 */;
/*!40014 SET @OLD_FOREIGN_KEY_CHECKS=@@FOREIGN_KEY_CHECKS, FOREIGN_KEY_CHECKS=0 */;
/*!40101 SET @OLD_SQL_MODE=@@SQL_MODE, SQL_MODE='NO_AUTO_VALUE_ON_ZERO' */;
/*!40111 SET @OLD_SQL_NOTES=@@SQL_NOTES, SQL_NOTES=0 */;

--
-- Table structure for table `module`
--

DROP TABLE IF EXISTS `module`;
/*!40101 SET @saved_cs_client     = @@character_set_client */;
/*!50503 SET character_set_client = utf8mb4 */;
CREATE TABLE `module` (
  `id` bigint NOT NULL AUTO_INCREMENT,
  `external_links` varchar(255) NOT NULL,
  `image_url` varchar(255) NOT NULL,
  `name` varchar(255) NOT NULL,
  `pdf_url` varchar(255) NOT NULL,
  `semester` int NOT NULL,
  `video_link` varchar(255) NOT NULL,
  PRIMARY KEY (`id`)
) ENGINE=InnoDB AUTO_INCREMENT=26 DEFAULT CHARSET=utf8mb4 COLLATE=utf8mb4_0900_ai_ci;
/*!40101 SET character_set_client = @saved_cs_client */;

--
-- Dumping data for table `module`
--

LOCK TABLES `module` WRITE;
/*!40000 ALTER TABLE `module` DISABLE KEYS */;
INSERT INTO `module` VALUES (1,'https://www.geeksforgeeks.org/computer-network-tutorials/','/images/semester06content/module1.png','Computer Network','https://drive.google.com/folderview?id=1FfEp9bA_XqCXspAESs4eHuUZfviziWg4',6,'https://youtu.be/VwN91x5i25g'),(2,'https://www.geeksforgeeks.org/compiler-design-tutorials/','/images/semester06content/module2.png','Compiler Design','https://drive.google.com/folderview?id=1FfEp9bA_XqCXspAESs4eHuUZfviziWg4',6,'https://youtu.be/XUsw5igq4DM'),(3,'https://www.geeksforgeeks.org/introduction-to-internet-of-things-iot-set-1/','/images/semester06content/module3.png','IOT','https://drive.google.com/folderview?id=1FfEp9bA_XqCXspAESs4eHuUZfviziWg4',6,'https://youtu.be/bVFfcYh6UBw'),(4,'https://www.geeksforgeeks.org/machine-learning/','/images/semester06content/module4.png','Machine Learning','https://drive.google.com/folderview?id=1FfEp9bA_XqCXspAESs4eHuUZfviziWg4',6,'https://youtu.be/ZftI2fEz0Fw'),(5,'https://www.geeksforgeeks.org/theory-of-consumer-behaviour/','/images/semester06content/module5.png','Consumer Behaviour','https://drive.google.com/folderview?id=1FfEp9bA_XqCXspAESs4eHuUZfviziWg4',6,'https://youtu.be/ddGjpTiLccE'),(6,'https://www.geeksforgeeks.org/engineering-mathematics-tutorials/','/images/semester03content/module1.png','Engineering Mathematics','https://drive.google.com/folderview?id=1FfEp9bA_XqCXspAESs4eHuUZfviziWg4',3,'https://youtu.be/-LSsmyqfQ0U?si=abc123xyz456'),(7,'https://example.com/sem3/module2','/images/semester03content/module2.png','Discrete Mathematics','https://drive.google.com/folderview?id=1FfEp9bA_XqCXspAESs4eHuUZfviziWg4',3,'https://youtu.be/3Di7d_6Xc7Q?si=ucvtRBoupGLQFXo5'),(8,'https://example.com/sem3/module3','/images/semester03content/module3.png','Data Structure','https://drive.google.com/folderview?id=1FfEp9bA_XqCXspAESs4eHuUZfviziWg4',3,'https://youtu.be/3Di7d_6Xc7Q?si=ucvtRBoupGLQFXo5'),(9,'https://example.com/sem3/module4','/images/semester03content/module4.png','Computer Architecture and Organization','https://drive.google.com/folderview?id=1FfEp9bA_XqCXspAESs4eHuUZfviziWg4',3,'https://youtu.be/3Di7d_6Xc7Q?si=ucvtRBoupGLQFXo5'),(10,'https://example.com/sem3/module5','/images/semester03content/module5.png','OPP in Java','https://drive.google.com/folderview?id=1FfEp9bA_XqCXspAESs4eHuUZfviziWg4',3,'https://youtu.be/3Di7d_6Xc7Q?si=ucvtRBoupGLQFXo5'),(11,'https://example.com/sem4/module1','/images/semester04content/module1.png','Design & Analysis of Algorithm','https://drive.google.com/folderview?id=1FfEp9bA_XqCXspAESs4eHuUZfviziWg4',4,'https://youtu.be/3Di7d_6Xc7Q?si=ucvtRBoupGLQFXo5'),(12,'https://example.com/sem4/module2','/images/semester04content/module2.png','Operating System','https://drive.google.com/folderview?id=1FfEp9bA_XqCXspAESs4eHuUZfviziWg4',4,'https://youtu.be/3Di7d_6Xc7Q?si=ucvtRBoupGLQFXo5'),(13,'https://example.com/sem4/module3','/images/semester04content/module3.png','Basic Human Rights','https://drive.google.com/folderview?id=1FfEp9bA_XqCXspAESs4eHuUZfviziWg4',4,'https://youtu.be/3Di7d_6Xc7Q?si=ucvtRBoupGLQFXo5'),(14,'https://example.com/sem4/module4','/images/semester04content/module4.png','Probability and Statistics','https://drive.google.com/folderview?id=1FfEp9bA_XqCXspAESs4eHuUZfviziWg4',4,'https://youtu.be/3Di7d_6Xc7Q?si=ucvtRBoupGLQFXo5'),(15,'https://example.com/sem4/module5','/images/semester04content/module5.png','Digital Logic Design & Microprocessor','https://drive.google.com/folderview?id=1FfEp9bA_XqCXspAESs4eHuUZfviziWg4',4,'https://youtu.be/3Di7d_6Xc7Q?si=ucvtRBoupGLQFXo5'),(16,'https://example.com/sem5/module1','/images/semester05content/module1.png','Database System','https://drive.google.com/folderview?id=1FfEp9bA_XqCXspAESs4eHuUZfviziWg4',5,'https://youtu.be/3Di7d_6Xc7Q?si=ucvtRBoupGLQFXo5'),(17,'https://example.com/sem5/module2','/images/semester05content/module2.png','Theory of Computation','https://drive.google.com/folderview?id=1FfEp9bA_XqCXspAESs4eHuUZfviziWg4',5,'https://youtu.be/3Di7d_6Xc7Q?si=ucvtRBoupGLQFXo5'),(18,'https://example.com/sem5/module3','/images/semester05content/module3.png','Software Engineering','https://drive.google.com/folderview?id=1FfEp9bA_XqCXspAESs4eHuUZfviziWg4',5,'https://youtu.be/3Di7d_6Xc7Q?si=ucvtRBoupGLQFXo5'),(19,'https://example.com/sem5/module4','/images/semester05content/module4.png','Human Computer Interaction','https://drive.google.com/folderview?id=1FfEp9bA_XqCXspAESs4eHuUZfviziWg4',5,'https://youtu.be/3Di7d_6Xc7Q?si=ucvtRBoupGLQFXo5'),(20,'https://example.com/sem5/module5','/images/semester05content/module5.png','Business Communication','https://drive.google.com/folderview?id=1FfEp9bA_XqCXspAESs4eHuUZfviziWg4',5,'https://youtu.be/3Di7d_6Xc7Q?si=ucvtRBoupGLQFXo5'),(21,'https://www.geeksforgeeks.org/cloud-computing/','/images/semester07content/module1.png','Cloud Computing','https://drive.google.com/folderview?id=1FfEp9bA_XqCXspAESs4eHuUZfviziWg4',7,'https://youtu.be/cTRALS3vHsY'),(22,'https://www.geeksforgeeks.org/artificial-intelligence/','/images/semester07content/module2.png','Artificial Intelligence','https://drive.google.com/folderview?id=1FfEp9bA_XqCXspAESs4eHuUZfviziWg4',7,'https://youtu.be/k874krECLwA'),(23,'https://www.geeksforgeeks.org/introduction-deep-learning/','/images/semester07content/module3.png','Deep Learning','https://drive.google.com/folderview?id=1FfEp9bA_XqCXspAESs4eHuUZfviziWg4',7,'https://youtu.be/gZmobeGL0Yg'),(24,'https://www.geeksforgeeks.org/what-is-big-data-analytics/','/images/semester07content/module4.png','Big Data Analytics','https://drive.google.com/folderview?id=1FfEp9bA_XqCXspAESs4eHuUZfviziWg4',7,'https://youtu.be/Pl7ANX2MWB8'),(25,'https://www.geeksforgeeks.org/cryptography-and-network-security-principles/','/images/semester07content/module5.png','Cryptography','https://drive.google.com/folderview?id=1FfEp9bA_XqCXspAESs4eHuUZfviziWg4',7,'https://youtu.be/fAezqHuVe4E');
/*!40000 ALTER TABLE `module` ENABLE KEYS */;
UNLOCK TABLES;

--
-- Table structure for table `questions`
--

DROP TABLE IF EXISTS `questions`;
/*!40101 SET @saved_cs_client     = @@character_set_client */;
/*!50503 SET character_set_client = utf8mb4 */;
CREATE TABLE `questions` (
  `id` bigint NOT NULL AUTO_INCREMENT,
  `correct_answer` varchar(255) NOT NULL,
  `option1` varchar(255) NOT NULL,
  `option2` varchar(255) NOT NULL,
  `option3` varchar(255) NOT NULL,
  `option4` varchar(255) NOT NULL,
  `question_text` varchar(255) NOT NULL,
  `module_id` bigint NOT NULL,
  PRIMARY KEY (`id`),
  KEY `FK5vx6rdnwg4b00nkv10k8yxdco` (`module_id`),
  CONSTRAINT `FK5vx6rdnwg4b00nkv10k8yxdco` FOREIGN KEY (`module_id`) REFERENCES `module` (`id`)
) ENGINE=InnoDB AUTO_INCREMENT=251 DEFAULT CHARSET=utf8mb4 COLLATE=utf8mb4_0900_ai_ci;
/*!40101 SET character_set_client = @saved_cs_client */;

--
-- Dumping data for table `questions`
--

LOCK TABLES `questions` WRITE;
/*!40000 ALTER TABLE `questions` DISABLE KEYS */;
INSERT INTO `questions` VALUES (1,'Delivery of computing services over the internet','Delivery of computing services over the internet','A new type of hardware','A storage device','A network topology','What is cloud computing?',21),(2,'Scalability and flexibility','High upfront costs','Scalability and flexibility','Limited access','Fixed resources','Which of the following is a benefit of cloud computing?',21),(3,'IaaS','PaaS','IaaS','SaaS','DaaS','Which service model provides hardware resources in cloud computing?',21),(4,'Amazon Web Services','Google Cloud','Microsoft Excel','Amazon Web Services','Skype','Which of the following is a major cloud provider?',21),(5,'On-demand availability','Higher cost','Increased bandwidth','On-demand availability','Hardware failure','What is the primary advantage of cloud storage?',21),(6,'Software as a Service','Software as a Service','System as a Service','Storage as a Service','Server as a Service','What does SaaS stand for?',21),(7,'Google Drive','Google Drive','Private data center','Local file storage','On-premise servers','What is an example of a public cloud service?',21),(8,'HTTPS','HTTP','HTTPS','FTP','SMTP','Which protocol is typically used for secure communication in cloud networks?',21),(9,'To divide resources into virtual servers','To create backups','To divide resources into virtual servers','To improve hardware performance','To speed up network traffic','What is the primary purpose of virtualization in cloud computing?',21),(10,'PaaS','IaaS','PaaS','SaaS','DaaS','Which type of cloud service allows developers to build applications without managing infrastructure?',21),(11,'To build machines that can think and learn','To build machines that can think and learn','To design faster CPUs','To replace all humans','To fix bugs automatically','What is the goal of Artificial Intelligence?',22),(12,'Neural Networks','Database Management','Neural Networks','Web Development','Compilers','Which of the following is a branch of AI?',22),(13,'Minimax','Backtracking','Greedy Algorithm','Minimax','Bubble Sort','Which algorithm is used for decision-making in AI?',22),(14,'Natural Language Processing','Neural Logic Processing','Natural Language Processing','Network Learning Program','Natural Logic Parser','What is the full form of NLP in AI?',22),(15,'Smartphone Face Unlock','Smartphone Face Unlock','Flashlight','Wallpaper app','Calculator','Which is an example of AI in everyday life?',22),(16,'Python','HTML','Python','CSS','PHP','Which programming language is most commonly used in AI?',22),(17,'Reinforcement Learning','Supervised Learning','Reinforcement Learning','Unsupervised Learning','Batch Learning','Which type of learning is based on rewards and punishments?',22),(18,'TensorFlow','TensorFlow','Bootstrap','Laravel','jQuery','Which of these is a common AI framework?',22),(19,'Turing Test','RAM test','Turing Test','Ping Test','Heuristic Test','Which test is used to check machine intelligence?',22),(20,'Neural Networks','Neural Networks','Binary Trees','Hash Maps','Stacks','Which AI technique is inspired by the human brain?',22),(21,'Machine Learning','Web Development','Machine Learning','Blockchain','Data Structures','What is deep learning a subset of?',23),(22,'CNN','RNN','CNN','SVM','DNN','Which neural network is used for image recognition?',23),(23,'Rectified Linear Unit','Recursive Linear Unit','Rectified Linear Unit','Reduced Logical Unit','Random Logical Unit','What does ReLU stand for?',23),(24,'Pooling Layer','Convolution Layer','Pooling Layer','Fully Connected Layer','Activation Layer','Which layer reduces the dimension in CNN?',23),(25,'Adam','Bubble Sort','Adam','BFS','Random Search','Which optimizer is widely used in deep learning?',23),(26,'To update weights','To load data','To update weights','To forward data','To compile the model','What is backpropagation used for?',23),(27,'One complete pass of the data','One complete pass of the data','One neuron activated','One prediction made','One error reduced','What does an epoch mean in training?',23),(28,'TensorFlow','NumPy','Scikit-learn','TensorFlow','Matplotlib','Which library is commonly used in Python for deep learning?',23),(29,'ReLU','Sigmoid','ReLU','Tanh','Softmax','Which activation function can solve vanishing gradient problem?',23),(30,'Prevent overfitting','Increase data','Prevent overfitting','Speed up training','Improve accuracy','What is dropout used for?',23),(31,'Large datasets with high variety, velocity, and volume','Large datasets with high variety, velocity, and volume','Small local files','Low memory usage','Emails','What does Big Data refer to?',24),(32,'Velocity','Velocity','Color','Opacity','Temperature','Which of the following is a characteristic of Big Data?',24),(33,'Hadoop','MySQL','Hadoop','Oracle','MongoDB','Which tool is used for distributed processing of Big Data?',24),(34,'A programming model for processing large data','A storage device','A programming model for processing large data','A sorting technique','A security protocol','What is MapReduce?',24),(35,'MongoDB','MySQL','MongoDB','Excel','SQLite','Which database is best for unstructured data?',24),(36,'Analyzing data to discover patterns','Storing data','Cleaning room','Analyzing data to discover patterns','Formatting text','What is data analytics?',24),(37,'Python','Java','Python','C++','Kotlin','Which language is popular for Big Data analytics?',24),(38,'Apache Spark','Excel','MongoDB','Apache Spark','PostgreSQL','Which platform uses Resilient Distributed Datasets (RDD)?',24),(39,'A central repository to store raw data','A water body storing data','A central repository to store raw data','Encrypted database','Cloud function','What is a data lake?',24),(40,'Photoshop','Hive','Pig','Photoshop','HBase','Which of the following is NOT a Big Data tool?',24),(41,'Data security','Data transmission','Data compression','Data security','Data storage','What is the purpose of cryptography?',25),(42,'AES','AES','DFS','Merge Sort','Bubble Sort','Which algorithm is used for encryption?',25),(43,'Rivest–Shamir–Adleman','Random Security Algorithm','Rivest–Shamir–Adleman','Reverse Secure Access','Rapid Secure Algorithm','What does RSA stand for?',25),(44,'Generating fixed-size output from data','Generating passwords','Compressing files','Generating fixed-size output from data','Encrypting text','What is a hash function used for?',25),(45,'Private Key','Private Key','Public Key','Both','No Key','Which key is used in symmetric encryption?',25),(46,'HTTPS','FTP','HTTP','HTTPS','SMTP','Which protocol uses cryptography in secure websites?',25),(47,'Key distribution problem','Slower performance','Key distribution problem','Complex math','Needs internet','What is the main weakness of symmetric key cryptography?',25),(48,'Asymmetric','Hashing','Symmetric','Asymmetric','Encoding','Which cryptographic technique uses two keys?',25),(49,'Private Key','VPN','Hash Function','Private Key','Antivirus','Which tool is used for digital signatures?',25),(50,'Secure Sockets Layer','Secure Software Layer','Security Socket Layer','Secure Sockets Layer','Soft Secure Lock','What is the full form of SSL?',25),(51,'Transmission Control Protocol','Transfer Control Protocol','Transmission Control Protocol','Transfer Connection Protocol','Transitional Control Protocol','What does TCP stand for?',1),(52,'Router','Router','Switch','Hub','Repeater','Which device operates at the network layer?',1),(53,'DHCP','HTTP','IP','DHCP','DNS','Which protocol is used to assign IP addresses?',1),(54,'Resolve IP addresses to domain names','Encrypt data','Resolve IP addresses to domain names','Route data packets','Create firewalls','What is the function of DNS?',1),(55,'HyperText Transfer Protocol','HyperText Transfer Protocol','Hyper Terminal Transfer Protocol','High Transfer Text Protocol','Hypertext Text Transfer Protocol','What is the full form of HTTP?',1),(56,'Transport Layer','Network Layer','Transport Layer','Data Link Layer','Physical Layer','Which layer is responsible for end-to-end communication?',1),(57,'Unique hardware identifier','IP address','Unique hardware identifier','A type of network','None of these','What is a MAC address?',1),(58,'Star','Bus','Star','Ring','Mesh','Which topology uses a central device?',1),(59,'UDP','TCP','FTP','UDP','SSH','Which one is a connectionless protocol?',1),(60,'Data Link','Session','Data Link','Presentation','Application','Which OSI layer ensures error-free delivery?',1),(61,'Lexical Analysis','Syntax Analysis','Lexical Analysis','Semantic Analysis','Code Generation','What is the first phase of a compiler?',2),(62,'Stack','Queue','Stack','Tree','Array','Which data structure is used in syntax analysis?',2),(63,'Syntax checking','Code execution','Syntax checking','Memory allocation','None','What is parsing?',2),(64,'Lex','Lex','Yacc','GCC','JavaCC','Which tool is used for lexical analysis?',2),(65,'Temporary code between source and target','Final machine code','Temporary code between source and target','Binary code','None','What is an intermediate code?',2),(66,'Semantic','Lexical','Syntax','Semantic','Code Optimization','Which phase checks variable declaration?',2),(67,'Tracks declared variables','Stores syntax rules','Tracks declared variables','Manages memory','Converts code','What is the role of a symbol table?',2),(68,'LL parser','LR parser','LALR parser','LL parser','SLR parser','Which parser is top-down?',2),(69,'Code Generation','Lexical','Optimization','Code Generation','Parsing','Which phase does register allocation?',2),(70,'Context-free grammar','Context-free grammar','Regular grammar','Phrase structure grammar','Unrestricted grammar','Which grammar is used for programming languages?',2),(71,'Internet of Things','Internet of Trends','Internal of Things','Internet of Things','Internet of Time','What does IoT stand for?',3),(72,'MQTT','HTTP','SMTP','MQTT','FTP','Which protocol is used for IoT messaging?',3),(73,'Smart Bulb','Smart Bulb','Printer','Scanner','Monitor','Which of these is an IoT device?',3),(74,'Python','HTML','C','Python','PHP','Which language is popular for IoT programming?',3),(75,'Collect physical data','Display data','Store data','Collect physical data','Delete data','What does a sensor do in IoT?',3),(76,'A device that performs action','A storage device','A data sender','A device that performs action','None','What is an actuator?',3),(77,'Network Layer','Perception Layer','Network Layer','Application Layer','None','Which layer in IoT handles data communication?',3),(78,'To store and process data remotely','To store and process data remotely','To block devices','To cool devices','To increase voltage','What is the use of the cloud in IoT?',3),(79,'Massimo Banzi','Google','Intel','Massimo Banzi','IBM','Which company created Arduino?',3),(80,'A device that connects IoT to network','A router','A device that connects IoT to network','A monitor','A scanner','What is a gateway in IoT?',3),(81,'Learning from data to make predictions','Data storage','Learning from data to make predictions','Programming','App development','What is Machine Learning?',4),(82,'Linear Regression','K-Means','Linear Regression','Apriori','DBSCAN','Which of these is a supervised learning algorithm?',4),(83,'Decision Tree','Linear Regression','Decision Tree','Clustering','Histogram','Which technique is used for classification?',4),(84,'Scikit-learn','NumPy','Matplotlib','Scikit-learn','BeautifulSoup','Which library is commonly used in ML with Python?',4),(85,'Model performs well on training but poorly on test','Model performs well on all data','Model performs well on training but poorly on test','Model doesn’t train','None','What is overfitting?',4),(86,'K-Means','SVM','KNN','K-Means','Linear Regression','Which algorithm is used for clustering?',4),(87,'Model selection technique','Model deployment','Model selection technique','Data scaling','Model debugging','What is cross-validation?',4),(88,'ReLU','max()','ReLU','sort()','pow()','Which activation function is used in neural networks?',4),(89,'Tool to test model accuracy','Matrix for encryption','Tool to test model accuracy','Database table','UI design','What is a confusion matrix?',4),(90,'Supervised','Unsupervised','Supervised','Reinforcement','None','Which learning uses labeled data?',4),(91,'Study of how people buy products','How customers behave online','Study of how people buy products','Selling strategies','Marketing costs','What is Consumer Behaviour?',5),(92,'Marketing, culture, and psychology','Weather only','Marketing, culture, and psychology','Software design','Government tax only','Which factor affects consumer behaviour?',5),(93,'After buying a product','Before buying','During product research','After buying a product','After advertisement','What is post-purchase behavior?',5),(94,'Realizing a need for a product','Finding ads','Realizing a need for a product','Buying unnecessary items','Searching stores','What does “Need Recognition” mean?',5),(95,'Motivation','Cost','Place','Motivation','Shipping','Which is a psychological factor in buying decisions?',5),(96,'Preferring a brand consistently','Hating other brands','Preferring a brand consistently','Buying once','Trying all brands','What is brand loyalty?',5),(97,'Major role in shaping preferences','No role','Major role in shaping preferences','Only seasonal effect','None','What role does culture play in buying?',5),(98,'Customer’s level of happiness after purchase','Buying luxury items','Customer feedback only','Customer’s level of happiness after purchase','Return policy','What is customer satisfaction?',5),(99,'Unplanned and sudden purchase','Planned shopping','Buying after research','Unplanned and sudden purchase','Discounted purchase','What is impulse buying?',5),(100,'Millennials','Gen X','Millennials','Baby Boomers','Silent Gen','Which generation is most active in online buying?',5),(101,'1/s','1/s','s','s^2','1','What is the Laplace transform of 1?',6),(102,'Variation of parameters','Variation of parameters','Laplace Transform','Fourier Transform','Integration by parts','Which method is used to find particular solution of non-homogeneous differential equation?',6),(103,'2','1','2','3','0','What is the order of the differential equation d²y/dx² + 3dy/dx + 2y = 0?',6),(104,'e^x','sin(x)','cos(x)','e^x','tan(x)','Which function is not periodic?',6),(105,'Approximating periodic functions','Approximating periodic functions','Solving linear equations','Matrix transformation','Finding limits','What is the Fourier series expansion used for?',6),(106,'Ax = λx','Ax = λx','A + B = C','x² + y² = r²','dy/dx = y','Which is an eigenvalue problem?',6),(107,'-1','1','-1','0','i','What is the value of i^2 in complex numbers?',6),(108,'Non-zero rows in echelon form','Non-zero rows in echelon form','Zero columns','Elements','Rows','The rank of a matrix is equal to the number of?',6),(109,'Gaussian Elimination','Gaussian Elimination','Integration','Laplace','Taylor Series','Which method is used for solving linear system of equations?',6),(110,'A point','A point','Infinity','Zero only','Variable','Taylor series is expansion of function about?',6),(111,'{a, b, c}','{a, b, c}','(a, b, c)','[a, b, c]','<a, b, c>','Which of the following is a set?',7),(112,'{{}, {1}, {2}, {1,2}}','{{}, {1}, {2}, {1,2}}','{1,2}','{{1}, {2}}','{1,2,3}','What is the power set of {1,2}?',7),(113,'p ∨ ¬p','p ∨ ¬p','p ∧ ¬p','¬(p ∨ q)','p ↔ ¬p','Which of the following is a tautology?',7),(114,'Number of edges incident','Number of edges incident','Number of nodes','Number of paths','Weight of vertex','What is the degree of a vertex in a graph?',7),(115,'Acyclic connected graph','Acyclic connected graph','Cyclic graph','Disconnected graph','Graph with loops','Which graph is a tree?',7),(116,'AND','AND','OR','NOT','XOR','Which logic gate is represented by p ∧ q?',7),(117,'Bijective','Bijective','Injective','Surjective','Partial','A function that is both one-to-one and onto is called?',7),(118,'1','1','2','0','-1','What is the result of 1 mod 2?',7),(119,'Set of ordered pairs','Set of ordered pairs','Set of numbers','Group of variables','None','Which of the following is a relation?',7),(120,'Combinatorics','Combinatorics','Graph Theory','Calculus','Geometry','Pigeonhole principle is used in?',7),(121,'Queue','Queue','Stack','Tree','Graph','Which data structure uses FIFO?',8),(122,'O(log n)','O(log n)','O(n)','O(n log n)','O(1)','What is the worst-case time for binary search?',8),(123,'Stack','Stack','Queue','Graph','Tree','Which data structure uses LIFO?',8),(124,'Inorder','Inorder','Preorder','Postorder','Level-order','Which traversal gives sorted output in BST?',8),(125,'Stack','Stack','Queue','Tree','Array','Which structure is used in recursion?',8),(126,'O(1)','O(1)','O(n)','O(log n)','O(n^2)','What is the time complexity of inserting at beginning in a linked list?',8),(127,'Graph','Graph','Stack','Queue','Array','Which of the following is not linear data structure?',8),(128,'Heap','Heap','Stack','Queue','Linked List','What is the best data structure for implementing priority queue?',8),(129,'Dijkstra’s Algorithm','Dijkstra’s Algorithm','DFS','Kruskal’s','Bubble sort','What is used to find shortest path in graph?',8),(130,'Quick data access','Quick data access','Encryption','Sorting','Graph traversal','Hashing is used for?',8),(131,'Arithmetic Logic Unit','Arithmetic Logic Unit','Array Logic Unit','Application Logic Unit','Arithmetic Local Unit','What does ALU stand for?',9),(132,'Speed up access to frequently used data','Speed up access to frequently used data','Store data permanently','Access hard disk','Replace RAM','Cache memory is used to?',9),(133,'Register','Register','Cache','RAM','Hard Disk','Which is faster?',9),(134,'Von Neumann','Von Neumann','Harvard','RISC','CISC','Which architecture uses a single bus for instruction and data?',9),(135,'Address of next instruction','Address of next instruction','Current instruction','Data','Flags','What does PC register hold?',9),(136,'Adder','Adder','Flip-Flop','Register','Counter','Which of the following is a combinational circuit?',9),(137,'CPU','CPU','RAM','Hard Disk','I/O Device','Control unit is part of?',9),(138,'ROM','ROM','RAM','Cache','Register','Which memory is non-volatile?',9),(139,'Throughput','Throughput','Latency','Cost','Power','Pipelining increases?',9),(140,'RAM','RAM','PROM','EPROM','EEPROM','Which one is not a type of ROM?',9),(141,'extends','extends','implements','super','this','Which keyword is used to inherit a class in Java?',10),(142,'Java Virtual Machine','Java Virtual Machine','Java Variable Method','Java Verified Memory','Java Vendor Mode','What is JVM?',10),(143,'String','String','int','float','boolean','Which is not a primitive data type in Java?',10),(144,'Prevents modification','Prevents modification','Loops forever','Declares variable','Increments value','What does the “final” keyword do?',10),(145,'Set','Set','List','Map','ArrayList','Which collection does not allow duplicates?',10),(146,'try-catch','try-catch','if-else','switch-case','goto','What is used to handle exceptions in Java?',10),(147,'Object-Oriented Programming','Object-Oriented Programming','Original Object Program','Open Object Processing','Only On Platform','What does OOP stand for?',10),(148,'main','main','start','run','init','Which method is the entry point in Java?',10),(149,'Runnable','Runnable','Threadable','Executor','Callable','Which interface is used to run threads in Java?',10),(150,'false','false','true','0','null','What is the default value of a boolean in Java?',10),(151,'Database Management System','Database Management System','Data Based Management System','Database Machine System','Data Backup Management System','What is the full form of DBMS?',16),(152,'SQL','SQL','HTML','Java','C++','Which language is used to query data in a DBMS?',16),(153,'Hierarchical','Hierarchical','Circular','Linear','Tabular','Which of the following is a type of DBMS?',16),(154,'Atomicity, Consistency, Isolation, Durability','Atomicity, Consistency, Isolation, Durability','Access, Control, Integrity, Data','Availability, Consistency, Isolation, Durability','Atomicity, Control, Integrity, Dependency','What does ACID stand for in databases?',16),(155,'Linux','MySQL','MongoDB','Oracle','Linux','Which of the following is NOT a DBMS?',16),(156,'3NF','3NF','1NF','2NF','BCNF','Which normal form removes transitive dependency?',16),(157,'Primary Key','Primary Key','Foreign Key','Unique Key','Composite Key','Which key uniquely identifies a record in a table?',16),(158,'Links tables together','Links tables together','Primary key','Temporary key','Duplicate key','What is a foreign key?',16),(159,'WHERE','WHERE','SELECT','FROM','ORDER BY','Which SQL clause is used to filter results?',16),(160,'TRUNCATE','DELETE','REMOVE','DROP','TRUNCATE','Which command is used to remove all records from a table?',16),(161,'All of the above','Turing Machine','Finite Automata','Pushdown Automata','All of the above','Which machine is used in formal language theory?',17),(162,'Lexical','Context-Free','Context-Sensitive','Lexical','Regular','Which of the following is not a type of grammar?',17),(163,'Deterministic Finite Automata','Deterministic Finite Automata','Dynamic Function Automata','Data Flow Algorithm','Defined Function Array','What does DFA stand for?',17),(164,'Context-Free Language','Context-Free Language','Regular Language','Machine Language','Assembly Language','Which language is accepted by a PDA?',17),(165,'Halting Problem','Halting Problem','Regular Grammar','Finite Language','Context-Free Grammar','Which of these is undecidable?',17),(166,'ε','ε','Ø','0','NULL','Which symbol represents the empty string?',17),(167,'PDA','PDA','DFA','Turing Machine','NFA','Which automata uses stack?',17),(168,'Language','Language','Automata','Grammar','Syntax Tree','What is the output of a language generator?',17),(169,'Turing Machine','Turing Machine','Finite Automata','NFA','PDA','Which machine can simulate any other machine?',17),(170,'Finite Automata','Finite Automata','PDA','Turing Machine','Grammar','Regular expressions correspond to which automata?',17),(171,'Software Development Life Cycle','Software Development Life Cycle','System Design Level Code','Systematic Development Life Cycle','Software Design Logic Control','What is SDLC?',18),(172,'Waterfall Model','Waterfall Model','Agile Model','Spiral Model','RAD Model','Which model is also known as linear sequential model?',18),(173,'High-quality software','High-quality software','Fast software','Low-cost software','Colorful UI','What is the main goal of software engineering?',18),(174,'Spiral Model','Spiral Model','Waterfall Model','Agile Model','Prototype Model','Which model emphasizes risk analysis?',18),(175,'Time-boxed development cycle','Time-boxed development cycle','Document','Bug fix','Tool','In Agile, what is a sprint?',18),(176,'SRS','SRS','Test Case','Flowchart','UML Diagram','Which document outlines customer needs?',18),(177,'Computer Aided Software Engineering','Computer Aided Software Engineering','Code Application Software Environment','Control and Software Engineering','Customer Application Software','What is CASE?',18),(178,'Degree to which elements belong together','Degree to which elements belong together','Degree of independence','Data flow','Memory usage','What is cohesion in software?',18),(179,'Both A and C','Use Case Diagram','Circuit Diagram','Class Diagram','Both A and C','Which diagram is used in UML?',18),(180,'Finding bugs','Finding bugs','Writing code','Installing software','Designing UI','What is software testing?',18),(181,'User interaction with computers','User interaction with computers','Computer hardware','Data processing','Networking','What is the focus of HCI?',19),(182,'Reliability','Reliability','Efficiency','Learnability','Satisfaction','Which is not a usability goal?',19),(183,'User archetype','User archetype','Keyboard layout','Computer model','Coding style','What is a persona in HCI?',19),(184,'Mouse','Mouse','Monitor','Printer','Speaker','Which device is used for input?',19),(185,'Usability inspection method','Usability inspection method','Coding practice','Hardware testing','Network setup','What is heuristic evaluation?',19),(186,'Learnability','Learnability','Portability','Accessibility','Sustainability','Which term describes how easy a system is to learn?',19),(187,'Human motor behavior','Human motor behavior','Memory storage','Voice recognition','Security','Fitts’s Law is related to?',19),(188,'Voice interface','Voice interface','Mouse','Touchscreen','Keyboard','Which interface is best for physically impaired users?',19),(189,'Mental effort required','Mental effort required','Battery usage','System RAM usage','Page size','What is cognitive load?',19),(190,'User Interface','User Interface','Universal Input','User Interaction','Unit Integration','What does UI stand for?',19),(191,'Effective information exchange','Effective information exchange','Marketing','Revenue generation','Client entertainment','What is the key goal of business communication?',20),(192,'All of these','Verbal','Written','Non-verbal','All of these','Which is a type of communication?',20),(193,'Noise','Noise','Clear speech','Interest','Understanding','Which of the following is a barrier to communication?',20),(194,'Message understood','Message understood','Speaker heard','Question asked','Disagreement','What does feedback ensure?',20),(195,'Face-to-face','Face-to-face','Email','Text','Poster','Which medium is richest in communication?',20),(196,'Official communication','Official communication','Friendly talk','Rumors','Gossip','What is formal communication?',20),(197,'Concise and informative','Concise and informative','Lengthy and unclear','All caps','Blank','What should an effective email subject be?',20),(198,'Charts','Charts','Telephone','Podcast','Radio','Which of these is a visual communication tool?',20),(199,'Listening','Listening','Interrupting','Shouting','Ignoring','Which communication skill is essential for a leader?',20),(200,'Full attention and response','Full attention and response','Hearing only','Reading','Daydreaming','What does active listening involve?',20),(201,'O(log n)','O(log n)','O(n)','O(n^2)','O(1)','What is the time complexity of binary search?',11),(202,'Merge Sort','Merge Sort','Bubble Sort','Selection Sort','Linear Search','Which algorithm uses divide and conquer?',11),(203,'Pivot is the middle element','Pivot is the middle element','Pivot is the smallest element','All elements are equal','Array is sorted','Which is the best case for quicksort?',11),(204,'O(n)','O(n)','O(1)','O(n^2)','O(log n)','What is the space complexity of DFS using stack?',11),(205,'Kruskal’s','Kruskal’s','Dijkstra’s','Bellman-Ford','Floyd Warshall','Which algorithm is used for minimum spanning tree?',11),(206,'Solves problem step-by-step choosing best at each step','Solves problem step-by-step choosing best at each step','Always sorts array','Backtracking method','Uses brute force','What is greedy algorithm?',11),(207,'Dijkstra’s','Dijkstra’s','Kruskal’s','Prim’s','DFS','Which algorithm solves the shortest path problem?',11),(208,'Solving subproblems and storing results','Solving subproblems and storing results','Sorting algorithm','Recursive brute force','Greedy algorithm','What is dynamic programming?',11),(209,'Backtracking','Backtracking','Feasibility check','Optimal substructure','Local optimum choice','Which is not a characteristic of greedy algorithm?',11),(210,'O(n log n)','O(n log n)','O(n^2)','O(n)','O(log n)','What is the worst-case time of merge sort?',11),(211,'Compiler OS','Compiler OS','Batch OS','Time-sharing OS','Distributed OS','Which is not a type of OS?',12),(212,'RAM','RAM','ROM','Hard Disk','Flash','Which memory is volatile?',12),(213,'Kernel','Kernel','Shell','Command line','Firmware','Which OS component manages hardware?',12),(214,'Processes waiting for each other','Processes waiting for each other','Infinite loop','Memory overflow','CPU halt','What is a deadlock?',12),(215,'All of the above','LRU','FIFO','Optimal','All of the above','Which is a page replacement algorithm?',12),(216,'Switching CPU from one process to another','Switching CPU from one process to another','Changing program code','Loading OS','Shutting down system','What is context switching?',12),(217,'Selects process to run','Selects process to run','Allocates memory','Handles user input','Displays output','What is the role of scheduler?',12),(218,'Indexed','Indexed','Sequential','Contiguous','Linked','Which file allocation method is best for random access?',12),(219,'Semaphore','Semaphore','Stack','Queue','Cache','Which is used for inter-process communication?',12),(220,'fork()','fork()','exec()','wait()','exit()','Which system call is used to create a process?',12),(221,'Basic rights for all humans','Basic rights for all humans','Privileges','Political favors','Law enforcement actions','What are human rights?',13),(222,'Right to vote','Right to vote','Right to party','Right to rule','Right to silence','Which is a civil right?',13),(223,'NHRC','NHRC','RBI','NITI Aayog','SEBI','Who protects human rights in India?',13),(224,'Right to life and personal liberty','Right to life and personal liberty','Freedom of press','Abolition of titles','Equality before law','What is Article 21?',13),(225,'Right against exploitation','Right against exploitation','Right to equality','Right to freedom','Cultural rights','Which right is violated in child labor?',13),(226,'UNHRC','UNHRC','UNICEF','WHO','WTO','Which UN body promotes human rights?',13),(227,'Below 18','Below 18','Below 21','Below 16','Below 14','What is the age to be considered a child?',13),(228,'Unfair treatment based on identity','Unfair treatment based on identity','Respecting others','Helping society','Empowering youth','What is discrimination?',13),(229,'Indian Constitution','Indian Constitution','Budget','Election Manifesto','IT Act','Which document contains fundamental rights?',13),(230,'Free and compulsory education','Free and compulsory education','Only for rich','Depends on state','Not mandatory','What is the right to education?',13),(231,'0.5','0.5','1','0','0.25','What is the probability of getting heads in coin toss?',14),(232,'Set of all possible outcomes','Set of all possible outcomes','Random variable','Subset of data','Mean of data','What is a sample space?',14),(233,'4','4','6','5','3','Mean of 2, 4, 6 is?',14),(234,'Median','Median','Range','Standard deviation','Variance','Which is a measure of central tendency?',14),(235,'Variable with random values','Variable with random values','Fixed value','Non-numeric value','Constant','What is a random variable?',14),(236,'Measure of spread of data','Measure of spread of data','Mean of data','Sum of data','Middle value','What is standard deviation?',14),(237,'Most frequent value','Most frequent value','Average value','Middle value','Highest value','What is mode?',14),(238,'1','1','0.5','0','0.75','Probability of sure event is?',14),(239,'Normal distribution','Normal distribution','Skewed','Binomial','Poisson','Which distribution is symmetric?',14),(240,'0.58','0.58','0.12','0.7','0.1','If P(A) = 0.3, P(B) = 0.4, what is P(A or B) if independent?',14),(241,'101','101','110','1001','111','What is the binary of 5?',15),(242,'XOR','XOR','AND','NOR','NAND','Which gate gives output 1 when inputs differ?',15),(243,'MUX','MUX','SR','JK','D','Which is not a flip-flop?',15),(244,'3','3','2','1','4','Full adder has how many inputs?',15),(245,'8','8','16','32','64','8085 is a ___ bit microprocessor?',15),(246,'1','1','0','Undefined','Error','What is the output of AND gate if both inputs are 1?',15),(247,'Hexadecimal','Hexadecimal','Decimal','Binary','Octal','Which number system uses base 16?',15),(248,'MHz','MHz','Kg','Litre','Newton','Microprocessor speed is measured in?',15),(249,'Control unit','Control unit','ALU','Register','Cache','Which component decodes instructions?',15),(250,'Temporary data storage','Temporary data storage','Increase speed','Display output','Power supply','What is the purpose of accumulator in 8085?',15);
/*!40000 ALTER TABLE `questions` ENABLE KEYS */;
UNLOCK TABLES;

--
-- Table structure for table `student`
--

DROP TABLE IF EXISTS `student`;
/*!40101 SET @saved_cs_client     = @@character_set_client */;
/*!50503 SET character_set_client = utf8mb4 */;
CREATE TABLE `student` (
  `id` bigint NOT NULL AUTO_INCREMENT,
  `mobile` varchar(255) NOT NULL,
  `name` varchar(255) NOT NULL,
  `password` varchar(255) NOT NULL,
  `prn` varchar(255) NOT NULL,
  `roll_no` varchar(255) NOT NULL,
  `semester` int NOT NULL,
  PRIMARY KEY (`id`),
  UNIQUE KEY `UKrane7utxv14bfxp4wkxesjlsr` (`roll_no`),
  KEY `idx_prn` (`prn`),
  CONSTRAINT `student_chk_1` CHECK (((`semester` >= 1) and (`semester` <= 8)))
) ENGINE=InnoDB AUTO_INCREMENT=48 DEFAULT CHARSET=utf8mb4 COLLATE=utf8mb4_0900_ai_ci;
/*!40101 SET character_set_client = @saved_cs_client */;

--
-- Dumping data for table `student`
--

LOCK TABLES `student` WRITE;
/*!40000 ALTER TABLE `student` DISABLE KEYS */;
INSERT INTO `student` VALUES (1,'8010121124','Deepak Dey','$2a$10$u98wqUzgRt6Ny2DI4c2f7./5/pqIUwNuhrNbGHTEhrpZGFQ1g0j02','41254','R123',5),(2,'7536998745','Deepak Dey','$2a$10$mW/quOcME.gBjdM1UDz5ZOZ7cuhVhevZhk/OwqM6ls39J6OoR/w/O','789','R54',3),(3,'7536985274','Deepak Dey','$2a$10$K59884pqCZGCO/mSiE6gU.VmQkYZTd2qLeXpFFF8.dKN0P62Og0KO','789','963',3),(4,'9638527410','Deepak Dey','$2a$10$ByIeJ0P/oL4OpMxh/EpFbevSxZxTHqg6imk2FMOzs7VHFbjHOiPRS','753698','R124',5),(5,'9512369857','Deepak Mohan Dey','$2a$10$/A8xim3vjHAuPQPlFVzKtOmwiRdwua/lyIt8VpMbhVtSXehXefkWK','PRN04','A41',5),(6,'7894561232','Deepak Dey','$2a$10$muypm5Q9oVLqtBjbpAzwguD/u9nRvV5ztovRHQN5JKUxoscIeXkTS','PRN412','A412',4),(7,'9638527536','deepak','$2a$10$D9n1yaiYWW6sTOoAfrftmekcTLwQ.oKRs/1iQu2bGvfXBYGex.r1G','PRN100','789',6),(8,'9456871235','DEY DEEPAK MOHAN','$2a$10$PBYq2wI74FeOMR4KN8Sxc.EuhOJJxt8Jfj0AGuVqIhyvU4xlZTQ8q','7410','PRN500',5),(9,'1111100000','user ','$2a$10$Hc4ye0HxgQHwdRdYpgO1IextV4I.q9Sten1LVSiSRi/E096Qzxiei','user01','user01',6),(10,'7410258963','DEY DEEPAK MOHAN','$2a$10$5VU0n2A6833Y1iaIzC5IFOyfZaR.OKWuRsepdzNAZAhV1H5pAKQiW','PRN123','R1240',6),(11,'8456821310','Pranto sarkar','$2a$10$b1KxzTdiQY94dZ71q6YEeONpzmnZySmE8YA4.uvE4e08yeoxkqXAq','PRN82','82',3),(12,'3333333333','Student 03 ','$2a$10$OS/W8qzUdgXKHwOilP8JJePICBo8VPkYLThJaT3g29tBf4ZtWf1lq','prn3','sem3',3),(13,'4444444444','student 04','$2a$10$uXsJRMRXFuP5zrF1knmoqu0Ydnc/KseNehkE9w9fcFlosV/yvBLWS','prn4','sem4',4),(14,'4444455555','student04','$2a$10$44yeOaIm5ERhamRQeXfb5OOgZ49E03pnyHznWp/qCRcxKJjoi5p/S','prn004','roll 4',4),(15,'7777777890','group 07','$2a$10$tZmoNXuawXNxe7zodguaZ.F3x8f3Yfydzt8QAz79OCIyvcnutW6A.','prn07','007',7),(17,'1234567890','Deepak Dey','$2a$10$euKYKSl4YcoFYKANU5gdHuGW.xemXKUZsia93jPDF87UGPO29LcXK','prn1234','Roll123',7),(18,'7777777777','dhanu','$2a$10$3NZ.zKvvePbiGIpqJaB3yOhBfTq4PL1l29OMvxa6Obl.Q2jqvK8ci','prn647','647',6),(20,'1234567890','Deep','$2a$10$DMFdPcgh3NGaFlbglxpZ3OqHS8Q2dUdJC3p//gtK9v5N5bOg4RWJS','pn123','r178',3),(21,'1111133333','Student01','$2a$10$wUPFbdGVbIbeLYaA7AtCrOLGYWO7rycMr9yugN9Uh5c7jm02xSVOC','prn01','01',3),(22,'7777777000','student07','$2a$10$vwoeyzNqDWLpDdi4/TNwNeK6ohG5Q8UDzHmwm4AINtcxi.RJpH1m2','prn007','roll07',7),(26,'7536985224','Deepak Dey','$2a$10$YGWLADl.9u0wZs4EU5c5HOERjhUMRLn.OyV/UGdITgfNtw7ybicxy','prn1234567','user07',7),(27,'1234567890','samiksha sorte ','$2a$10$ucPLEeTJ0H45mu/IgrY/D.5ULHzfHf39hG6c/GjBrWS8IW/8wl1nS','prnb643','643',3),(31,'8010127412','dhanashree','$2a$10$eGkKhrYlUHThwIAVTOpH/OAgimE5668ZfgQjD0mhpww9NY385RQLO','prn644','cse647',6),(32,'7536985244','student03','$2a$10$SWEIazz3Y2t7vKWwb762IOZwsYm9ydRhu.xCINUjc2jiwc7boO.lG','prn003','roll03',3),(33,'7874875584','student07','$2a$10$Kc/NerkpJIW3YKNgtK7aY.wtCYAMxztCG.oWQrTRjMS04GNMuE1ZC','prn111007','rollNo07',7),(36,'8528528523','dkfkdkfd','$2a$10$RqsBJr.sg4Eskx2DcIbg6urcGiA/Ns0.VouN1YeAV0yEh11O06d0W','prn1233','00003',3),(37,'7894563219','Raaju Mama','$2a$10$XRbRuv9MFlwk9k6tYYhRjeHbAUZESOvaekWiCtaVQh2d5ckWV.lpu','prn123007','CSE07',7),(38,'7536985241','Raju Mami','$2a$10$9AsvFi0Yv4T6ZUtHFGShUuDTerLeJ9WEzwYyp5W5dpvzI75r8EgXm','prn123006','CSE06',6),(39,'7536985745','Pranto sir','$2a$10$YpFcxt/i7rplIeFlWo2C3.cJfHZcAG43rdvDR/CLfppNQAvZy/5Jm','prn123005','CSE05',5),(40,'7896523415','Minal mam','$2a$10$KRjQN9IZQVNFWn3Jd0DqX.dYVQut/QK30NY64ETEwbf8o5/pqF91S','prn123004','CSE04',4),(41,'7896523333','Bubu ','$2a$10$B/jwbpoEYmdtIhOKiXtXa.FrN63Eowq8Y994iIOqez5erXjVbrGNG','prn123003','CSE03',3),(43,'8457569412','Adi','$2a$10$xFvI9mQSlpHg68LSP1jwHuypJrUr8MuKOGHl/TR4KjSjP7YUJkRLy','prnj0422502','j0422502',4),(44,'8459632145','Pranto Sarkar','$2a$10$rxyuFK.p72Jg3bICYG0nyOw0NZz59YEO0lqvP61tXZqCjyKbz3y/q','prna01','CSEA01',3),(45,'8014086446','Minal Pagal ','$2a$10$.9ln2L9ZlBDMkBcV2htBhe4QPKx.lCR6sw5uiiwDS9p3vOyCydZbK','prn72','pagalClass712',3),(46,'8458672329','Adyashri','$2a$10$VBWdch.CSNmGhLDp60GGJOy3v3UwKw0vTWVrmI5VxfgEbFwdIpaLq','prn672','cse672',6),(47,'8010121124','Deepak dey','$2a$10$ZPWNo3YxcprUOQ3knkwW9.HRZyKsSHDQrL94egmiDe2B7hNITBzo.','2241631242046','CSEA412',6);
/*!40000 ALTER TABLE `student` ENABLE KEYS */;
UNLOCK TABLES;

--
-- Table structure for table `student_results`
--

DROP TABLE IF EXISTS `student_results`;
/*!40101 SET @saved_cs_client     = @@character_set_client */;
/*!50503 SET character_set_client = utf8mb4 */;
CREATE TABLE `student_results` (
  `id` bigint NOT NULL AUTO_INCREMENT,
  `average_marks` decimal(38,2) DEFAULT NULL,
  `module1_marks` int DEFAULT NULL,
  `module2_marks` int DEFAULT NULL,
  `module3_marks` int DEFAULT NULL,
  `module4_marks` int DEFAULT NULL,
  `module5_marks` int DEFAULT NULL,
  `module_semester` int DEFAULT NULL,
  `status` varchar(255) DEFAULT NULL,
  `prn` varchar(255) NOT NULL,
  `roll_number` varchar(255) DEFAULT NULL,
  `student_name` varchar(255) DEFAULT NULL,
  PRIMARY KEY (`id`),
  KEY `FKli94yego8pt5bn95div6yux28` (`prn`),
  CONSTRAINT `FKli94yego8pt5bn95div6yux28` FOREIGN KEY (`prn`) REFERENCES `student` (`prn`),
  CONSTRAINT `student_results_chk_1` CHECK (((`module1_marks` >= 0) and (`module1_marks` <= 100))),
  CONSTRAINT `student_results_chk_2` CHECK (((`module2_marks` <= 100) and (`module2_marks` >= 0))),
  CONSTRAINT `student_results_chk_3` CHECK (((`module3_marks` <= 100) and (`module3_marks` >= 0))),
  CONSTRAINT `student_results_chk_4` CHECK (((`module4_marks` <= 100) and (`module4_marks` >= 0))),
  CONSTRAINT `student_results_chk_5` CHECK (((`module5_marks` <= 100) and (`module5_marks` >= 0)))
) ENGINE=InnoDB AUTO_INCREMENT=6 DEFAULT CHARSET=utf8mb4 COLLATE=utf8mb4_0900_ai_ci;
/*!40101 SET character_set_client = @saved_cs_client */;

--
-- Dumping data for table `student_results`
--

LOCK TABLES `student_results` WRITE;
/*!40000 ALTER TABLE `student_results` DISABLE KEYS */;
INSERT INTO `student_results` VALUES (1,8.40,10,9,8,8,7,7,'Pass','prn123007','CSE07','Raaju Mama'),(2,9.00,9,8,9,9,10,3,'Pass','prn123003','CSE03','Bubu '),(3,10.00,NULL,NULL,10,NULL,NULL,4,'Pass','prnj0422502',NULL,NULL),(4,3.80,NULL,NULL,9,NULL,10,3,'Fail','prna01','CSEA01','Pranto Sarkar'),(5,1.80,NULL,NULL,NULL,NULL,9,3,'Fail','prn72','pagalClass712','Minal Pagal ');
/*!40000 ALTER TABLE `student_results` ENABLE KEYS */;
UNLOCK TABLES;
/*!40103 SET TIME_ZONE=@OLD_TIME_ZONE */;

/*!40101 SET SQL_MODE=@OLD_SQL_MODE */;
/*!40014 SET FOREIGN_KEY_CHECKS=@OLD_FOREIGN_KEY_CHECKS */;
/*!40014 SET UNIQUE_CHECKS=@OLD_UNIQUE_CHECKS */;
/*!40101 SET CHARACTER_SET_CLIENT=@OLD_CHARACTER_SET_CLIENT */;
/*!40101 SET CHARACTER_SET_RESULTS=@OLD_CHARACTER_SET_RESULTS */;
/*!40101 SET COLLATION_CONNECTION=@OLD_COLLATION_CONNECTION */;
/*!40111 SET SQL_NOTES=@OLD_SQL_NOTES */;

-- Dump completed on 2025-06-12 12:25:58
